id,Drug,TP,theta_alpha,theta_beta,alpha_beta,theta_alpha_base,theta_beta_base,alpha_beta_base
1,1,1,-0.116443907,-0.401236366,-0.441107745,-0.684432108,-0.295861343,-0.218271489
1,1,2,-0.260342434,-0.140696591,-0.14819046,-0.684432108,-0.295861343,-0.218271489
1,1,3,-0.378381404,-0.168296803,-0.576506569,-0.684432108,-0.295861343,-0.218271489
1,1,4,0.073020069,-0.545365508,-0.557073715,-0.684432108,-0.295861343,-0.218271489
1,1,5,-0.275857398,-0.300781836,-0.121746588,-0.684432108,-0.295861343,-0.218271489
1,1,6,0.269713691,-0.660270603,-0.581609363,-0.684432108,-0.295861343,-0.218271489
1,2,1,-0.06478558,-0.291125169,-0.126017793,-0.302650718,-0.240972884,-0.347087276
1,2,2,0.011498375,-0.099489778,-0.476957967,-0.302650718,-0.240972884,-0.347087276
1,2,3,-0.329584387,-0.112361095,-0.099709667,-0.302650718,-0.240972884,-0.347087276
1,2,4,-0.567879262,-0.410299128,0.197366858,-0.302650718,-0.240972884,-0.347087276
1,2,5,-0.858023457,-0.290825213,-0.014822569,-0.302650718,-0.240972884,-0.347087276
1,2,6,-0.50272683,-0.117106233,-0.178434935,-0.302650718,-0.240972884,-0.347087276
2,1,1,-0.047594699,-0.148883409,-0.294536018,-0.194475139,-0.151913101,-0.255556459
2,1,2,-0.185753329,-0.29948755,-0.039380434,-0.194475139,-0.151913101,-0.255556459
2,1,3,-0.314259354,-0.093182218,-0.304476861,-0.194475139,-0.151913101,-0.255556459
2,1,4,-0.43490258,0.006030282,-0.242036875,-0.194475139,-0.151913101,-0.255556459
2,1,5,-0.267908075,-0.036355593,-0.515303039,-0.194475139,-0.151913101,-0.255556459
2,1,6,-0.192683221,-0.061033137,-0.254803468,-0.194475139,-0.151913101,-0.255556459
2,2,1,-0.151335617,0.030276834,-0.02516187,-0.304603779,0.019653712,0.21552947
2,2,2,-0.134087776,-0.152780671,-0.328901189,-0.304603779,0.019653712,0.21552947
2,2,3,-0.241356925,-0.176339018,-0.214361175,-0.304603779,0.019653712,0.21552947
2,2,4,-0.104465015,-0.175045131,-0.458508815,-0.304603779,0.019653712,0.21552947
2,2,5,-0.199665842,-0.115094484,-0.396797366,-0.304603779,0.019653712,0.21552947
2,2,6,-0.169496772,-0.057708808,-0.101332514,-0.304603779,0.019653712,0.21552947
3,1,1,-0.825205833,-0.402176722,0.110888725,-0.846105311,-0.609930293,0.319169057
3,1,2,-0.534768421,-0.669038788,0.452882547,-0.846105311,-0.609930293,0.319169057
3,1,3,-0.55147745,-0.384243899,0.044543723,-0.846105311,-0.609930293,0.319169057
3,1,4,-0.742645982,-0.656507567,0.487398854,-0.846105311,-0.609930293,0.319169057
3,1,5,-0.818595744,-0.728030898,0.460718514,-0.846105311,-0.609930293,0.319169057
3,1,6,-0.274240266,-0.378750789,-0.261497055,-0.846105311,-0.609930293,0.319169057
3,2,1,-0.328520677,-0.275712487,-0.098174009,-0.317336179,-0.269853408,-0.3844008
3,2,2,0.015478426,-0.41431435,-0.587429994,-0.317336179,-0.269853408,-0.3844008
3,2,3,-0.098504503,-0.423722291,-0.386726135,-0.317336179,-0.269853408,-0.3844008
3,2,4,0.199450422,-0.391292905,-0.540687823,-0.317336179,-0.269853408,-0.3844008
3,2,5,-0.05236958,-0.368066847,-0.516723749,-0.317336179,-0.269853408,-0.3844008
3,2,6,-0.053384304,-0.402402632,-0.402186704,-0.317336179,-0.269853408,-0.3844008
4,1,1,-0.393414678,-0.326139011,-0.06730891,-0.289393595,0.113035036,-0.506234389
4,1,2,-0.169528022,-0.491294451,-0.078639152,-0.289393595,0.113035036,-0.506234389
4,1,3,-0.168177784,-0.3990033,-0.333966347,-0.289393595,0.113035036,-0.506234389
4,1,4,-0.245867319,-0.029177583,-0.412232459,-0.289393595,0.113035036,-0.506234389
4,1,5,0.026858531,-0.141058208,-0.061775345,-0.289393595,0.113035036,-0.506234389
4,1,6,-0.38024522,-0.503687495,0.398046466,-0.289393595,0.113035036,-0.506234389
4,2,1,-0.288755809,0.033903287,-0.43004651,-0.009935039,-0.145475278,-0.183275829
4,2,2,-0.34593376,-0.001927831,-0.57040802,-0.009935039,-0.145475278,-0.183275829
4,2,3,-0.546788098,0.109753916,-0.430718638,-0.009935039,-0.145475278,-0.183275829
4,2,4,-0.439428901,-0.144739469,-0.14207165,-0.009935039,-0.145475278,-0.183275829
4,2,5,-0.205420416,-0.013089128,-0.176090765,-0.009935039,-0.145475278,-0.183275829
4,2,6,-0.479053941,-0.115931384,-0.19963771,-0.009935039,-0.145475278,-0.183275829
5,1,1,-0.309857904,-0.436941935,0.141319153,-0.181318095,-0.422092949,-0.117297812
5,1,2,-0.230810054,-0.716066498,0.09384097,-0.181318095,-0.422092949,-0.117297812
5,1,3,-0.178079715,-0.151328969,-0.390854024,-0.181318095,-0.422092949,-0.117297812
5,1,4,-0.284896284,-0.209262784,-0.198410014,-0.181318095,-0.422092949,-0.117297812
5,1,5,-0.368950796,-0.217281893,-0.375199278,-0.181318095,-0.422092949,-0.117297812
5,1,6,-0.196593998,-0.254493291,-0.483047606,-0.181318095,-0.422092949,-0.117297812
5,2,1,-0.035722345,-0.342868284,-0.546001955,-0.235533273,-0.567278219,-0.039549508
5,2,2,-0.832648048,-0.721630434,0.658978954,-0.235533273,-0.567278219,-0.039549508
5,2,3,-0.731710779,-0.742299067,0.619258651,-0.235533273,-0.567278219,-0.039549508
5,2,4,-0.622232051,-0.828389078,0.504200697,-0.235533273,-0.567278219,-0.039549508
5,2,5,-0.671123086,-0.765026218,0.471871576,-0.235533273,-0.567278219,-0.039549508
5,2,6,-0.304124996,-0.612127718,-0.041521418,-0.235533273,-0.567278219,-0.039549508
6,1,1,0.127860149,-0.37455566,-0.299808388,-0.11021942,-0.119686416,-0.142223097
6,1,2,-0.235215234,-0.341364211,-0.086476615,-0.11021942,-0.119686416,-0.142223097
6,1,3,0.332987164,-0.583349661,-0.479796153,-0.11021942,-0.119686416,-0.142223097
6,1,4,0.220140231,-0.375497155,-0.261151925,-0.11021942,-0.119686416,-0.142223097
6,1,5,0.162387416,-0.563460636,-0.430010814,-0.11021942,-0.119686416,-0.142223097
6,1,6,-0.179091234,-0.456543774,-0.097040898,-0.11021942,-0.119686416,-0.142223097
6,2,1,-0.510967055,-0.080069287,-0.223224826,-0.42061454,-0.135210051,-0.125874732
6,2,2,-0.363657406,-0.366541701,0.19195405,-0.42061454,-0.135210051,-0.125874732
6,2,3,-0.588204411,-0.599509363,0.226073756,-0.42061454,-0.135210051,-0.125874732
6,2,4,-0.425732535,-0.777235135,0.49155143,-0.42061454,-0.135210051,-0.125874732
6,2,5,-0.738094506,-0.779042857,0.509959742,-0.42061454,-0.135210051,-0.125874732
6,2,6,-0.656727081,-0.389015725,0.18052837,-0.42061454,-0.135210051,-0.125874732
7,1,1,-0.133131357,-0.526220207,-0.091857696,-0.294811018,-0.407124029,0.12942054
7,1,2,-0.684825559,-0.340018428,0.023627295,-0.294811018,-0.407124029,0.12942054
7,1,3,-0.273618594,-0.217528935,-0.253151229,-0.294811018,-0.407124029,0.12942054
7,1,4,-0.401815451,-0.110295031,-0.142157027,-0.294811018,-0.407124029,0.12942054
7,1,5,-0.465995822,0.07687573,-0.117047835,-0.294811018,-0.407124029,0.12942054
7,1,6,-0.402495753,-0.58454032,0.182556858,-0.294811018,-0.407124029,0.12942054
7,2,1,-0.390566813,-0.31435156,-0.225548275,-0.378694299,-0.340155642,-0.070781616
7,2,2,-0.216040983,-0.622179892,-0.347918701,-0.378694299,-0.340155642,-0.070781616
7,2,3,-0.199076398,-0.41222788,-0.200255725,-0.378694299,-0.340155642,-0.070781616
7,2,4,-0.282225024,-0.497406169,-0.41400394,-0.378694299,-0.340155642,-0.070781616
7,2,5,-0.394976873,0.02384068,-0.401511724,-0.378694299,-0.340155642,-0.070781616
7,2,6,-0.340515121,-0.289024516,-0.502811074,-0.378694299,-0.340155642,-0.070781616
8,1,1,-0.107213755,-0.33104411,-0.599191907,-0.41310722,-0.184800101,-0.59527277
8,1,2,-0.548407747,-0.639831759,0.235751113,-0.41310722,-0.184800101,-0.59527277
8,1,3,-0.766100538,-0.594866943,0.356629304,-0.41310722,-0.184800101,-0.59527277
8,1,4,-0.691204065,-0.643873224,0.266510238,-0.41310722,-0.184800101,-0.59527277
8,1,5,-0.646124006,-0.67450532,0.349654281,-0.41310722,-0.184800101,-0.59527277
8,1,6,-0.723496186,-0.770420116,0.564836713,-0.41310722,-0.184800101,-0.59527277
8,2,1,-0.57138038,-0.191042925,-0.058613415,-0.178738082,-0.010968924,-0.367613346
8,2,2,-0.341490597,-0.220938886,-0.157735626,-0.178738082,-0.010968924,-0.367613346
8,2,3,-0.25962498,0.061215968,-0.219949971,-0.178738082,-0.010968924,-0.367613346
8,2,4,-0.624118536,-0.24807293,0.180512108,-0.178738082,-0.010968924,-0.367613346
8,2,5,-0.39647918,-0.086346256,-0.194659969,-0.178738082,-0.010968924,-0.367613346
8,2,6,-0.280959377,-0.318766917,-0.144857585,-0.178738082,-0.010968924,-0.367613346
9,1,1,-0.525939739,-0.466536606,0.180999749,-0.190288625,-0.543669161,0.185285115
9,1,2,-0.360821526,-0.213874142,-0.081203018,-0.190288625,-0.543669161,0.185285115
9,1,3,-0.478852188,-0.474824294,0.228925517,-0.190288625,-0.543669161,0.185285115
9,1,4,-0.605133568,-0.371849048,0.182418831,-0.190288625,-0.543669161,0.185285115
9,1,5,-0.608491301,-0.480460343,0.17392344,-0.190288625,-0.543669161,0.185285115
9,1,6,-0.54089031,-0.474136325,-0.061162176,-0.190288625,-0.543669161,0.185285115
9,2,1,-0.041839097,-0.169556807,-0.475380621,-0.460101455,-0.153989796,-0.276587833
9,2,2,-0.366767195,0.105494427,-0.662922616,-0.460101455,-0.153989796,-0.276587833
9,2,3,-0.355162945,0.234206267,-0.222490432,-0.460101455,-0.153989796,-0.276587833
9,2,4,-0.242507543,-0.141490496,-0.544008515,-0.460101455,-0.153989796,-0.276587833
9,2,5,-0.55384479,-0.23987287,0.002918883,-0.460101455,-0.153989796,-0.276587833
9,2,6,-0.521190718,-0.389967307,-0.115955221,-0.460101455,-0.153989796,-0.276587833
10,1,1,-0.567779035,0.126410612,-0.165881572,-0.631297465,-0.218704335,-0.25109598
10,1,2,-0.538210982,-0.292275817,-0.104785588,-0.631297465,-0.218704335,-0.25109598
10,1,3,-0.68596884,-0.395758277,-0.093840353,-0.631297465,-0.218704335,-0.25109598
10,1,4,-0.248214945,-0.318077912,-0.356317482,-0.631297465,-0.218704335,-0.25109598
10,1,5,-0.208791384,-0.229965314,-0.078392181,-0.631297465,-0.218704335,-0.25109598
10,1,6,-0.230450595,-0.224431703,-0.080438892,-0.631297465,-0.218704335,-0.25109598
10,2,1,-0.298012917,0.063746824,-0.299966582,-0.386879856,-0.042022106,-0.415738692
10,2,2,-0.60829662,-0.479637136,0.020129698,-0.386879856,-0.042022106,-0.415738692
10,2,3,-0.584635339,-0.205972088,-0.135932733,-0.386879856,-0.042022106,-0.415738692
10,2,4,-0.511512297,-0.260146173,-0.194607798,-0.386879856,-0.042022106,-0.415738692
10,2,5,-0.57341216,-0.097795398,-0.28493643,-0.386879856,-0.042022106,-0.415738692
10,2,6,0.157142011,-0.548180765,-0.483060254,-0.386879856,-0.042022106,-0.415738692
11,1,1,-0.736063268,-0.461588681,0.27422822,-0.471117012,-0.377412917,0.042172621
11,1,2,-0.380526088,-0.181261613,-0.061316459,-0.471117012,-0.377412917,0.042172621
11,1,3,-0.625124131,-0.105190024,0.015369869,-0.471117012,-0.377412917,0.042172621
11,1,4,-0.789521625,-0.63444287,0.342371057,-0.471117012,-0.377412917,0.042172621
11,1,5,-0.459795574,-0.491499602,0.23999348,-0.471117012,-0.377412917,0.042172621
11,1,6,-0.648057217,-0.389725237,0.120448771,-0.471117012,-0.377412917,0.042172621
11,2,1,-0.019482651,-0.401457862,-0.249253057,-0.184262585,-0.442917632,-0.143597397
11,2,2,-0.323728548,-0.259713625,-0.363958949,-0.184262585,-0.442917632,-0.143597397
11,2,3,0.314559321,-0.532505431,-0.523208369,-0.184262585,-0.442917632,-0.143597397
11,2,4,-0.324777961,-0.201246988,-0.333173609,-0.184262585,-0.442917632,-0.143597397
11,2,5,-0.056364125,-0.366010215,-0.418378957,-0.184262585,-0.442917632,-0.143597397
11,2,6,-0.083319858,-0.246483032,-0.633368973,-0.184262585,-0.442917632,-0.143597397
12,1,1,0.387093836,-0.47318068,-0.521966021,-0.342303981,0.046766223,-0.53292937
12,1,2,-0.388272777,-0.495947414,-0.155390511,-0.342303981,0.046766223,-0.53292937
12,1,3,-0.130629973,-0.588347186,-0.216845289,-0.342303981,0.046766223,-0.53292937
12,1,4,-0.167971726,-0.407343097,-0.373533567,-0.342303981,0.046766223,-0.53292937
12,1,5,-0.211865249,-0.186838228,-0.532844232,-0.342303981,0.046766223,-0.53292937
12,1,6,-0.2074693,-0.412626974,-0.50058197,-0.342303981,0.046766223,-0.53292937
12,2,1,-0.244487035,-0.140592351,-0.455415064,-0.364806386,-0.09170503,-0.416285121
12,2,2,-0.01304645,-0.062739718,-0.47828076,-0.364806386,-0.09170503,-0.416285121
12,2,3,-0.324019882,-0.197931258,-0.403595534,-0.364806386,-0.09170503,-0.416285121
12,2,4,-0.139029757,-0.418429606,-0.32752657,-0.364806386,-0.09170503,-0.416285121
12,2,5,-0.1702594,-0.276655556,-0.427778889,-0.364806386,-0.09170503,-0.416285121
12,2,6,-0.803206649,-0.513496707,0.301012424,-0.364806386,-0.09170503,-0.416285121
13,1,1,-0.239508661,0.018495841,-0.026697564,-0.671573066,-0.712019295,0.343959076
13,1,2,-0.455119234,0.196528398,-0.377605777,-0.671573066,-0.712019295,0.343959076
13,1,3,-0.514527408,0.197819032,-0.222715743,-0.671573066,-0.712019295,0.343959076
13,1,4,-0.293979413,-0.061881933,-0.543440175,-0.671573066,-0.712019295,0.343959076
13,1,5,-0.416092575,-0.232909343,-0.330229933,-0.671573066,-0.712019295,0.343959076
13,1,6,-0.231370152,-0.096030834,-0.437781795,-0.671573066,-0.712019295,0.343959076
13,2,1,-0.699663361,-0.384351279,0.108975954,-0.538647304,-0.530105133,0.313088377
13,2,2,-0.786216949,-0.737926457,0.597602541,-0.538647304,-0.530105133,0.313088377
13,2,3,-0.557424497,-0.61545666,0.013370408,-0.538647304,-0.530105133,0.313088377
13,2,4,-0.52947576,-0.44415465,-0.015139654,-0.538647304,-0.530105133,0.313088377
13,2,5,-0.850079486,0.025824554,-0.260920784,-0.538647304,-0.530105133,0.313088377
13,2,6,-0.428804527,0.033638283,-0.607427333,-0.538647304,-0.530105133,0.313088377
14,1,1,-0.172024011,-0.399582469,-0.307631328,-0.457876001,-0.825058994,0.19974847
14,1,2,-0.59808249,-0.726121365,0.420763176,-0.457876001,-0.825058994,0.19974847
14,1,3,-0.663427071,-0.567233493,0.353747919,-0.457876001,-0.825058994,0.19974847
14,1,4,-0.643610133,-0.805632876,0.432590625,-0.457876001,-0.825058994,0.19974847
14,1,5,-0.376080402,-0.583295147,0.091726415,-0.457876001,-0.825058994,0.19974847
14,1,6,-0.708532614,-0.721536642,0.526594387,-0.457876001,-0.825058994,0.19974847
14,2,1,-0.257778244,-0.277529311,-0.314300836,-0.22992782,-0.301561898,0.356671843
14,2,2,0.028680133,-0.522168449,0.075161979,-0.22992782,-0.301561898,0.356671843
14,2,3,-0.223787528,-0.549132954,-0.04212416,-0.22992782,-0.301561898,0.356671843
14,2,4,0.252559884,-0.087661926,-0.427392812,-0.22992782,-0.301561898,0.356671843
14,2,5,-0.427896139,-0.194258996,-0.044737612,-0.22992782,-0.301561898,0.356671843
14,2,6,-0.196976433,-0.257508385,-0.230704919,-0.22992782,-0.301561898,0.356671843
15,1,1,-0.280306604,-0.816037463,0.079050271,-0.393558457,-0.42394839,0.088609952
15,1,2,-0.298489884,-0.749302019,0.198695718,-0.393558457,-0.42394839,0.088609952
15,1,3,-0.600833172,-0.862023091,0.444682688,-0.393558457,-0.42394839,0.088609952
15,1,4,-0.740473842,-0.854973945,0.519998233,-0.393558457,-0.42394839,0.088609952
15,1,5,-0.285352642,-0.608289562,0.014028067,-0.393558457,-0.42394839,0.088609952
15,1,6,-0.536158919,-0.575606819,0.170666487,-0.393558457,-0.42394839,0.088609952
15,2,1,-0.355916443,-0.624069925,0.042654991,-0.07913957,-0.131388724,-0.094584472
15,2,2,-0.488057442,-0.25712954,-0.095888512,-0.07913957,-0.131388724,-0.094584472
15,2,3,-0.229501844,-0.267551189,-0.284538287,-0.07913957,-0.131388724,-0.094584472
15,2,4,-0.250222676,-0.221464697,-0.466047921,-0.07913957,-0.131388724,-0.094584472
15,2,5,-0.123628847,-0.261584715,-0.353603393,-0.07913957,-0.131388724,-0.094584472
15,2,6,-0.148310102,-0.423218638,-0.211878967,-0.07913957,-0.131388724,-0.094584472
16,1,1,-0.590293323,-0.530060729,0.154004384,-0.101905339,-0.193614638,-0.21393181
16,1,2,-0.3501575,-0.661888923,-0.058016756,-0.101905339,-0.193614638,-0.21393181
16,1,3,-0.376632783,-0.314305887,-0.199200907,-0.101905339,-0.193614638,-0.21393181
16,1,4,-0.147521604,-0.513409108,-0.176266057,-0.101905339,-0.193614638,-0.21393181
16,1,5,-0.544231436,-0.24426383,0.012021556,-0.101905339,-0.193614638,-0.21393181
16,1,6,-0.400555092,-0.39591839,0.029603894,-0.101905339,-0.193614638,-0.21393181
16,2,1,0.159542316,-0.533040193,-0.511566749,-0.364315527,-0.382965793,0.035255814
16,2,2,-0.000477592,-0.562985518,-0.22645389,-0.364315527,-0.382965793,0.035255814
16,2,3,0.382355055,-0.602176157,-0.510327989,-0.364315527,-0.382965793,0.035255814
16,2,4,-0.00818323,-0.486979051,-0.414564281,-0.364315527,-0.382965793,0.035255814
16,2,5,-0.391787388,-0.557702145,0.057597174,-0.364315527,-0.382965793,0.035255814
16,2,6,-0.624919967,-0.616757978,0.200871694,-0.364315527,-0.382965793,0.035255814
17,1,1,-0.343524796,-0.125367839,0.100188681,-0.588846316,0.261197025,-0.305910155
17,1,2,-0.149108631,-0.086001124,-0.252440223,-0.588846316,0.261197025,-0.305910155
17,1,3,-0.343831463,-0.379324607,0.071984547,-0.588846316,0.261197025,-0.305910155
17,1,4,-0.418140877,0.020152938,0.08840962,-0.588846316,0.261197025,-0.305910155
17,1,5,-0.310540038,-0.115200019,-0.427475375,-0.588846316,0.261197025,-0.305910155
17,1,6,-0.320265506,-0.349915797,-0.176845301,-0.588846316,0.261197025,-0.305910155
17,2,1,-0.568085932,-0.190021265,0.146315079,-0.528437046,-0.472723669,0.013630532
17,2,2,-0.318650048,0.254219913,-0.047664368,-0.528437046,-0.472723669,0.013630532
17,2,3,-0.615217173,-0.355551729,0.086643956,-0.528437046,-0.472723669,0.013630532
17,2,4,-0.313957021,-0.161382633,-0.134180164,-0.528437046,-0.472723669,0.013630532
17,2,5,-0.358390375,-0.296791445,-0.263919103,-0.528437046,-0.472723669,0.013630532
17,2,6,-0.588990812,-0.387624325,0.267426921,-0.528437046,-0.472723669,0.013630532
18,1,1,-0.609523988,0.008075077,-0.398260251,-0.656578101,-0.251100099,-0.234539796
18,1,2,-0.56762144,-0.537130969,0.322154634,-0.656578101,-0.251100099,-0.234539796
18,1,3,-0.708683693,-0.724403169,0.575222391,-0.656578101,-0.251100099,-0.234539796
18,1,4,-0.469542363,-0.019755983,-0.224839708,-0.656578101,-0.251100099,-0.234539796
18,1,5,-0.53615038,0.196319498,-0.534552871,-0.656578101,-0.251100099,-0.234539796
18,1,6,-0.414261962,0.189583766,-0.670661007,-0.656578101,-0.251100099,-0.234539796
18,2,1,-0.410615051,-0.230508585,-0.405687922,-0.434383004,-0.232633788,-0.476854302
18,2,2,-0.660961931,-0.744424308,0.462224759,-0.434383004,-0.232633788,-0.476854302
18,2,3,-0.843398179,-0.61356397,0.429920242,-0.434383004,-0.232633788,-0.476854302
18,2,4,-0.474725493,-0.438236344,-0.255685185,-0.434383004,-0.232633788,-0.476854302
18,2,5,-0.736114432,-0.682977637,0.501269788,-0.434383004,-0.232633788,-0.476854302
18,2,6,NaN,NaN,NaN,-0.434383004,-0.232633788,-0.476854302
19,1,1,-0.697717148,-0.592832524,0.397426855,NaN,NaN,NaN
19,1,2,-0.57226323,-0.363602249,0.102498917,NaN,NaN,NaN
19,1,3,-0.718369025,0.010980704,-0.379875531,NaN,NaN,NaN
19,1,4,NaN,NaN,NaN,NaN,NaN,NaN
19,1,5,-0.42955044,-0.33513973,-0.352081935,NaN,NaN,NaN
19,1,6,-0.738379054,0.18744411,-0.53104647,NaN,NaN,NaN
19,2,1,-0.270828406,-0.279441158,-0.179585951,-0.438871643,-0.397715316,0.040883282
19,2,2,-0.392857233,-0.350181399,0.042113514,-0.438871643,-0.397715316,0.040883282
19,2,3,-0.246655379,-0.281605688,0.046754902,-0.438871643,-0.397715316,0.040883282
19,2,4,-0.362115083,-0.465571876,0.235214987,-0.438871643,-0.397715316,0.040883282
19,2,5,-0.385591369,-0.375053945,-0.219018479,-0.438871643,-0.397715316,0.040883282
19,2,6,NaN,NaN,NaN,-0.438871643,-0.397715316,0.040883282
