id,Drug,TP,Theta,Alpha,Beta,Theta_base,Alpha_base,Beta_base
1,1,1,1.181645821,1.871099286,0.740197853,1.096906558,1.716712835,0.727730082
1,1,2,1.188908366,1.890719712,0.738675194,1.096906558,1.716712835,0.727730082
1,1,3,1.128118888,1.804823541,0.759975023,1.096906558,1.716712835,0.727730082
1,1,4,1.309970156,1.883295764,0.758801234,1.096906558,1.716712835,0.727730082
1,1,5,1.33902267,1.975456849,0.699374344,1.096906558,1.716712835,0.727730082
1,1,6,1.233604894,1.915119327,0.71741711,1.096906558,1.716712835,0.727730082
1,2,1,1.344884767,2.079583659,0.710388279,1.430620701,1.643819195,0.712455374
1,2,2,1.29223529,2.156442338,0.686504316,1.430620701,1.643819195,0.712455374
1,2,3,1.38509754,1.905602822,0.698138128,1.430620701,1.643819195,0.712455374
1,2,4,1.41973966,1.709674705,0.754678016,1.430620701,1.643819195,0.712455374
1,2,5,1.444822328,1.757812908,0.706703939,1.430620701,1.643819195,0.712455374
1,2,6,1.36822449,1.497842723,0.863138505,1.430620701,1.643819195,0.712455374
2,1,1,1.79938344,1.741769896,0.583086951,1.836757953,1.587834447,0.584099216
2,1,2,1.702202782,1.673150991,0.582971848,1.836757953,1.587834447,0.584099216
2,1,3,1.765557618,1.811080358,0.585962307,1.836757953,1.587834447,0.584099216
2,1,4,1.75451293,1.695233666,0.59340506,1.836757953,1.587834447,0.584099216
2,1,5,1.696955902,1.864110871,0.584944847,1.836757953,1.587834447,0.584099216
2,1,6,1.742141368,1.992666846,0.595551001,1.836757953,1.587834447,0.584099216
2,2,1,1.499025148,2.25975641,0.552751111,1.54020195,2.109738417,0.551938795
2,2,2,1.441747185,2.315557106,0.818591865,1.54020195,2.109738417,0.551938795
2,2,3,1.364592595,2.29549207,0.974539301,1.54020195,2.109738417,0.551938795
2,2,4,1.347977462,2.132146806,0.927466592,1.54020195,2.109738417,0.551938795
2,2,5,1.536960483,2.424189166,0.552212291,1.54020195,2.109738417,0.551938795
2,2,6,1.483130632,2.415022176,0.558031814,1.54020195,2.109738417,0.551938795
3,1,1,1.416093103,1.425304703,0.710317785,1.162684548,1.819502223,0.863352319
3,1,2,1.210536229,1.866344208,0.754624812,1.162684548,1.819502223,0.863352319
3,1,3,1.397809096,1.834946503,0.676431083,1.162684548,1.819502223,0.863352319
3,1,4,1.429789782,1.551792969,0.728405089,1.162684548,1.819502223,0.863352319
3,1,5,1.49313741,1.487258305,0.682817872,1.162684548,1.819502223,0.863352319
3,1,6,1.145852725,2.337930683,0.683180483,1.162684548,1.819502223,0.863352319
3,2,1,1.440649752,2.21152018,0.59595977,1.388391089,2.092195594,0.631612498
3,2,2,1.450347698,2.322535461,0.603621831,1.388391089,2.092195594,0.631612498
3,2,3,1.482037903,2.343880043,0.58926976,1.388391089,2.092195594,0.631612498
3,2,4,1.458688247,2.407307932,0.604470774,1.388391089,2.092195594,0.631612498
3,2,5,1.487396488,2.272005108,0.603699515,1.388391089,2.092195594,0.631612498
3,2,6,1.492924556,2.348954031,0.590097533,1.388391089,2.092195594,0.631612498
4,1,1,1.961622174,1.073894588,0.636869728,1.89423924,1.067909346,0.662930953
4,1,2,1.85676175,0.996413058,0.676966097,1.89423924,1.067909346,0.662930953
4,1,3,1.853428093,0.990309542,0.69366429,1.89423924,1.067909346,0.662930953
4,1,4,1.91755447,1.091217104,0.637609618,1.89423924,1.067909346,0.662930953
4,1,5,1.908154771,1.030621957,0.657946801,1.89423924,1.067909346,0.662930953
4,1,6,1.993721089,1.025075815,0.645317026,1.89423924,1.067909346,0.662930953
4,2,1,1.490099968,1.855694159,0.563630177,1.632942753,1.573104339,0.574031591
4,2,2,1.507279608,2.122247324,0.57309006,1.632942753,1.573104339,0.574031591
4,2,3,1.580058985,1.862399453,0.558383445,1.632942753,1.573104339,0.574031591
4,2,4,1.5736547,1.845055795,0.573048188,1.632942753,1.573104339,0.574031591
4,2,5,1.533494283,2.132847663,0.553266237,1.632942753,1.573104339,0.574031591
4,2,6,1.485758972,2.148393098,0.549110461,1.632942753,1.573104339,0.574031591
5,1,1,1.596539672,1.253784,0.84591223,1.621612291,1.250082725,0.799892881
5,1,2,1.531265548,1.363836711,0.883256572,1.621612291,1.250082725,0.799892881
5,1,3,1.71354025,1.277222432,0.79083862,1.621612291,1.250082725,0.799892881
5,1,4,1.653946582,1.330059832,0.844493914,1.621612291,1.250082725,0.799892881
5,1,5,1.723751202,1.359610188,0.811928996,1.621612291,1.250082725,0.799892881
5,1,6,1.742861371,1.381692739,0.822237897,1.621612291,1.250082725,0.799892881
5,2,1,1.761680585,1.744318723,0.595294072,1.832992282,1.647261089,0.618191363
5,2,2,1.709163646,1.832756663,0.60851686,1.832992282,1.647261089,0.618191363
5,2,3,1.777215151,1.659555255,0.610976875,1.832992282,1.647261089,0.618191363
5,2,4,1.71547638,1.683443801,0.62445521,1.832992282,1.647261089,0.618191363
5,2,5,1.75542332,1.656170105,0.614234542,1.832992282,1.647261089,0.618191363
5,2,6,1.727834793,1.720620432,0.604747861,1.832992282,1.647261089,0.618191363
6,1,1,1.290389199,1.596419248,0.78128616,1.285298549,1.70230674,0.784756478
6,1,2,1.371144483,1.894665875,0.761048919,1.285298549,1.70230674,0.784756478
6,1,3,1.439704949,1.764030393,0.769832564,1.285298549,1.70230674,0.784756478
6,1,4,1.306212,1.487952225,0.809644001,1.285298549,1.70230674,0.784756478
6,1,5,1.536974434,1.847381711,0.742638669,1.285298549,1.70230674,0.784756478
6,1,6,1.465650081,1.901783225,0.751016164,1.285298549,1.70230674,0.784756478
6,2,1,1.656090176,1.759117257,0.608585117,1.737350791,1.637783142,0.593413944
6,2,2,1.661569483,1.659704469,0.616489468,1.737350791,1.637783142,0.593413944
6,2,3,1.587522342,1.798478629,0.630330266,1.737350791,1.637783142,0.593413944
6,2,4,1.584715636,1.670174327,0.64054358,1.737350791,1.637783142,0.593413944
6,2,5,1.584240237,1.702394632,0.639748693,1.737350791,1.637783142,0.593413944
6,2,6,1.683061843,1.723212245,0.628071354,1.737350791,1.637783142,0.593413944
7,1,1,1.682830138,1.476313634,0.633883774,1.594572803,1.751661088,0.619699449
7,1,2,1.618813177,1.61398957,0.635874441,1.594572803,1.751661088,0.619699449
7,1,3,1.69513804,1.613333334,0.669984318,1.594572803,1.751661088,0.619699449
7,1,4,1.697446885,1.692049727,0.65050585,1.594572803,1.751661088,0.619699449
7,1,5,1.690772018,1.619752898,0.639430466,1.594572803,1.751661088,0.619699449
7,1,6,1.644518577,1.784105942,0.643115071,1.594572803,1.751661088,0.619699449
7,2,1,1.363905844,1.35092486,0.782342793,1.374035108,1.352164035,0.743535735
7,2,2,1.382334987,1.453054859,0.800655331,1.374035108,1.352164035,0.743535735
7,2,3,1.273847293,1.42851818,0.765736175,1.374035108,1.352164035,0.743535735
7,2,4,1.376697693,1.382107006,0.751751441,1.374035108,1.352164035,0.743535735
7,2,5,1.314873775,1.405841793,0.773803246,1.374035108,1.352164035,0.743535735
7,2,6,1.278092547,1.538409656,0.764622439,1.374035108,1.352164035,0.743535735
8,1,1,1.66357703,1.251644873,0.634405879,1.68907741,1.274488809,0.672693334
8,1,2,1.767301093,1.31362253,0.650549449,1.68907741,1.274488809,0.672693334
8,1,3,1.703582383,1.25047409,0.676454349,1.68907741,1.274488809,0.672693334
8,1,4,1.662333819,1.413376277,0.74872815,1.68907741,1.274488809,0.672693334
8,1,5,1.672661449,1.296404088,0.712889648,1.68907741,1.274488809,0.672693334
8,1,6,1.611007335,1.445750387,0.707463892,1.68907741,1.274488809,0.672693334
8,2,1,1.705131842,2.44902882,0.567776783,1.85001439,1.926075429,0.602574678
8,2,2,1.768462655,1.993970794,0.599587789,1.85001439,1.926075429,0.602574678
8,2,3,1.77969301,1.990991398,0.719527981,1.85001439,1.926075429,0.602574678
8,2,4,1.838860162,2.073301961,0.62232065,1.85001439,1.926075429,0.602574678
8,2,5,1.894094917,2.198605133,0.625450742,1.85001439,1.926075429,0.602574678
8,2,6,1.823418758,2.128592359,0.629435308,1.85001439,1.926075429,0.602574678
9,1,1,1.623682234,1.623891106,0.660422502,1.496689326,1.683721383,0.658257023
9,1,2,1.760493082,1.650352922,0.644823502,1.496689326,1.683721383,0.658257023
9,1,3,1.712471906,1.78869806,0.63204784,1.496689326,1.683721383,0.658257023
9,1,4,1.702904296,1.789910058,0.62939011,1.496689326,1.683721383,0.658257023
9,1,5,1.831000591,1.857797655,0.611904129,1.496689326,1.683721383,0.658257023
9,1,6,1.734702517,1.842282418,0.612921698,1.496689326,1.683721383,0.658257023
9,2,1,1.281207453,1.741210125,0.730614399,1.245137895,1.684938425,0.747362414
9,2,2,1.237550882,1.799611157,0.733314102,1.245137895,1.684938425,0.747362414
9,2,3,1.213370932,1.968482324,0.719223394,1.245137895,1.684938425,0.747362414
9,2,4,1.222322953,1.837354047,0.754571259,1.245137895,1.684938425,0.747362414
9,2,5,1.231156298,1.850169987,0.754816632,1.245137895,1.684938425,0.747362414
9,2,6,1.216571436,1.793093197,0.763672933,1.245137895,1.684938425,0.747362414
10,1,1,1.299610591,1.836339579,0.672594438,1.237284017,2.014009297,0.680921302
10,1,2,1.344262458,1.907472589,0.678886988,1.237284017,2.014009297,0.680921302
10,1,3,1.281835606,1.938767951,0.670630783,1.237284017,2.014009297,0.680921302
10,1,4,1.304258162,2.272685403,0.645433294,1.237284017,2.014009297,0.680921302
10,1,5,1.256758187,2.369002383,0.636794815,1.237284017,2.014009297,0.680921302
10,1,6,1.513273318,2.217761262,0.591849826,1.237284017,2.014009297,0.680921302
10,2,1,1.239754413,1.601227785,0.782362778,1.245490885,1.620516948,0.773656423
10,2,2,1.256058822,1.592038514,0.740979876,1.245490885,1.620516948,0.773656423
10,2,3,1.311045568,1.692659031,0.765663942,1.245490885,1.620516948,0.773656423
10,2,4,1.326433779,1.683141472,0.749008525,1.245490885,1.620516948,0.773656423
10,2,5,1.434470226,1.562688847,0.767218728,1.245490885,1.620516948,0.773656423
10,2,6,1.335384486,1.761471499,0.754614606,1.245490885,1.620516948,0.773656423
11,1,1,1.417205233,2.239796713,0.574804225,1.447155796,2.230626458,0.552853432
11,1,2,1.364690693,2.453199736,0.534184136,1.447155796,2.230626458,0.552853432
11,1,3,1.444252101,2.300555836,0.551638573,1.447155796,2.230626458,0.552853432
11,1,4,1.395483154,2.316595005,0.537913325,1.447155796,2.230626458,0.552853432
11,1,5,1.428930009,2.43474618,0.544433408,1.447155796,2.230626458,0.552853432
11,1,6,1.497094897,2.273167191,0.603777667,1.447155796,2.230626458,0.552853432
11,2,1,1.094936464,1.976109499,0.771831679,1.105818753,1.762949558,0.797798903
11,2,2,1.136838901,1.933619706,0.775194423,1.105818753,1.762949558,0.797798903
11,2,3,0.998446517,1.642252241,0.843033491,1.105818753,1.762949558,0.797798903
11,2,4,1.227935099,1.942546041,0.764878876,1.105818753,1.762949558,0.797798903
11,2,5,1.190811956,2.027462112,0.784186968,1.105818753,1.762949558,0.797798903
11,2,6,1.110043198,1.984532453,0.760106025,1.105818753,1.762949558,0.797798903
12,1,1,1.481193847,2.389561416,0.583289713,1.529564072,1.812608593,0.609801991
12,1,2,1.50583506,2.317186638,0.598770165,1.529564072,1.812608593,0.609801991
12,1,3,1.486530798,2.322341844,0.600593547,1.529564072,1.812608593,0.609801991
12,1,4,1.503154904,2.333427449,0.612696334,1.529564072,1.812608593,0.609801991
12,1,5,1.473336586,2.245026082,0.613077222,1.529564072,1.812608593,0.609801991
12,1,6,1.560238145,1.892607271,0.567449821,1.529564072,1.812608593,0.609801991
12,2,1,1.712023095,1.839971869,0.584846807,1.718698432,1.592714313,0.605963972
12,2,2,1.685589765,1.823612118,0.582632479,1.718698432,1.592714313,0.605963972
12,2,3,1.725631401,1.922276848,0.570759249,1.718698432,1.592714313,0.605963972
12,2,4,1.633158622,1.869790556,0.59485936,1.718698432,1.592714313,0.605963972
12,2,5,1.70649698,1.816705605,0.568858596,1.718698432,1.592714313,0.605963972
12,2,6,1.748417684,2.009919315,0.584304748,1.718698432,1.592714313,0.605963972
13,1,1,1.451440858,1.999293816,0.567755455,1.742984907,1.51650292,0.617950441
13,1,2,1.507709931,2.082931073,0.570213425,1.742984907,1.51650292,0.617950441
13,1,3,1.446739862,2.086475807,0.566258579,1.742984907,1.51650292,0.617950441
13,1,4,1.461750783,2.154372504,0.570158537,1.742984907,1.51650292,0.617950441
13,1,5,1.516145118,2.023647122,0.554648824,1.742984907,1.51650292,0.617950441
13,1,6,1.798249343,1.570726109,0.622637475,1.742984907,1.51650292,0.617950441
13,2,1,1.282396635,1.937030414,0.724193847,1.582513787,1.380414506,0.629212343
13,2,2,1.309720838,1.946227504,0.715260718,1.582513787,1.380414506,0.629212343
13,2,3,1.383715747,1.735081042,0.686688161,1.582513787,1.380414506,0.629212343
13,2,4,1.350719842,1.9465244,0.696229002,1.582513787,1.380414506,0.629212343
13,2,5,1.240017425,2.223011654,0.662428866,1.582513787,1.380414506,0.629212343
13,2,6,1.269761053,2.118972077,0.709753552,1.582513787,1.380414506,0.629212343
14,1,1,1.835926843,1.6286234,0.608309195,1.59179899,1.585363249,0.640358817
14,1,2,1.784158431,1.479526786,0.6133782,1.59179899,1.585363249,0.640358817
14,1,3,1.777518371,1.643159764,0.609705566,1.59179899,1.585363249,0.640358817
14,1,4,1.801960413,1.531607399,0.608500278,1.59179899,1.585363249,0.640358817
14,1,5,1.755262265,1.715946433,0.617942042,1.59179899,1.585363249,0.640358817
14,1,6,1.655068623,1.606090611,0.622122234,1.59179899,1.585363249,0.640358817
14,2,1,1.883488577,0.965731726,0.661780998,1.895483938,0.978155627,0.6536792
14,2,2,1.728222515,0.938378664,0.687389156,1.895483938,0.978155627,0.6536792
14,2,3,1.910682958,1.046456523,0.644342754,1.895483938,0.978155627,0.6536792
14,2,4,1.955951662,1.073605287,0.630083983,1.895483938,0.978155627,0.6536792
14,2,5,1.757800331,1.42180684,0.727336544,1.895483938,0.978155627,0.6536792
14,2,6,1.724382113,1.464756837,0.707649183,1.895483938,0.978155627,0.6536792
15,1,1,1.579025919,1.48473465,0.638700118,1.335551644,1.287075479,0.785432251
15,1,2,1.601981478,1.435363279,0.652134521,1.335551644,1.287075479,0.785432251
15,1,3,1.694892695,1.419313461,0.619822773,1.335551644,1.287075479,0.785432251
15,1,4,1.574194099,1.359360199,0.647609371,1.335551644,1.287075479,0.785432251
15,1,5,1.640511997,1.529468636,0.640862168,1.335551644,1.287075479,0.785432251
15,1,6,1.42107746,1.478114165,0.774319799,1.335551644,1.287075479,0.785432251
15,2,1,1.646986677,1.476583912,0.710271206,1.706748146,1.390418114,0.718857138
15,2,2,1.654908971,1.375266249,0.721623418,1.706748146,1.390418114,0.718857138
15,2,3,1.679648086,1.407504934,0.690160549,1.706748146,1.390418114,0.718857138
15,2,4,1.821776771,1.335671823,0.716583046,1.706748146,1.390418114,0.718857138
15,2,5,1.353253339,1.316380711,0.860619247,1.706748146,1.390418114,0.718857138
15,2,6,1.290527956,1.877336671,0.776746731,1.706748146,1.390418114,0.718857138
16,1,1,1.430790695,1.237317065,0.756709615,1.76500886,2.128792852,0.61234904
16,1,2,1.436315019,1.142790832,0.707149562,1.76500886,2.128792852,0.61234904
16,1,3,1.391167029,1.466482643,0.778095022,1.76500886,2.128792852,0.61234904
16,1,4,1.389232654,1.369287408,0.785157596,1.76500886,2.128792852,0.61234904
16,1,5,1.409632068,1.456324422,0.763304199,1.76500886,2.128792852,0.61234904
16,1,6,1.813235302,2.21358344,0.620934543,1.76500886,2.128792852,0.61234904
16,2,1,1.360370258,1.720437557,0.79393375,1.30472399,1.506773286,0.817774246
16,2,2,1.359488581,1.811931928,0.781764781,1.30472399,1.506773286,0.817774246
16,2,3,1.310936101,1.92310559,0.776258678,1.30472399,1.506773286,0.817774246
16,2,4,1.285415548,1.718511466,0.807538262,1.30472399,1.506773286,0.817774246
16,2,5,1.864137811,1.589497448,0.621386553,1.30472399,1.506773286,0.817774246
16,2,6,1.702789069,1.599756337,0.671411664,1.30472399,1.506773286,0.817774246
17,1,1,1.840470004,2.196214967,0.616255295,1.168966524,1.448153203,0.820960913
17,1,2,1.788478537,2.202533436,0.655129879,1.168966524,1.448153203,0.820960913
17,1,3,1.873367294,2.136614371,0.632084158,1.168966524,1.448153203,0.820960913
17,1,4,1.850164632,2.073771814,0.645170675,1.168966524,1.448153203,0.820960913
17,1,5,1.892002391,2.092443485,0.632892771,1.168966524,1.448153203,0.820960913
17,1,6,1.156452785,1.876823123,0.715682007,1.168966524,1.448153203,0.820960913
17,2,1,1.668412267,1.559824578,0.615829643,1.739261245,1.50811644,0.618846467
17,2,2,1.719929113,1.670272135,0.609950902,1.739261245,1.50811644,0.618846467
17,2,3,1.798299406,1.719093999,0.613316352,1.739261245,1.50811644,0.618846467
17,2,4,1.723318803,1.484841536,0.615784653,1.739261245,1.50811644,0.618846467
17,2,5,1.714581096,1.424852349,0.66146866,1.739261245,1.50811644,0.618846467
17,2,6,1.674612257,1.498585087,0.659165744,1.739261245,1.50811644,0.618846467
18,1,1,1.30210364,1.36216246,0.775416794,1.221014294,1.590324739,0.736061604
18,1,2,1.261161798,1.327511918,0.792023458,1.221014294,1.590324739,0.736061604
18,1,3,1.211351535,1.602450398,0.796850124,1.221014294,1.590324739,0.736061604
18,1,4,1.3502628,1.659964006,0.747404553,1.221014294,1.590324739,0.736061604
18,1,5,1.159876847,1.829287022,0.771804027,1.221014294,1.590324739,0.736061604
18,1,6,1.334216224,1.753616382,0.728226642,1.221014294,1.590324739,0.736061604
18,2,1,1.778934529,1.288975778,0.649727129,1.62248423,1.365461402,0.660408292
18,2,2,1.714849912,1.262105863,0.681720193,1.62248423,1.365461402,0.660408292
18,2,3,1.700248352,1.233258643,0.688184643,1.62248423,1.365461402,0.660408292
18,2,4,1.714045493,1.341649765,0.683184931,1.62248423,1.365461402,0.660408292
18,2,5,2.039905289,1.743304194,0.61967786,1.62248423,1.365461402,0.660408292
18,2,6,1.975750486,1.67447858,0.61140541,1.62248423,1.365461402,0.660408292
19,1,1,1.374659331,1.492894337,0.734643937,NaN,NaN,NaN
19,1,2,1.394645283,1.575433665,0.72322833,NaN,NaN,NaN
19,1,3,1.300053606,1.799217142,0.735179171,NaN,NaN,NaN
19,1,4,NaN,NaN,NaN,NaN,NaN,NaN
19,1,5,1.351420884,1.641945631,0.729189388,NaN,NaN,NaN
19,1,6,NaN,NaN,NaN,NaN,NaN,NaN
19,2,1,1.680756693,1.760319357,0.612921914,1.63930894,1.753990295,0.640352037
19,2,2,1.815819812,1.649392092,0.661420047,1.63930894,1.753990295,0.640352037
19,2,3,1.96882319,1.835684552,0.608199359,1.63930894,1.753990295,0.640352037
19,2,4,1.855807009,1.685088976,0.637621748,1.63930894,1.753990295,0.640352037
19,2,5,NaN,NaN,NaN,1.63930894,1.753990295,0.640352037
19,2,6,NaN,NaN,NaN,1.63930894,1.753990295,0.640352037
