id,Drug,TP,Theta,Alpha,Beta,Theta_base,Alpha_base,Beta_base,Unnamed: 9,Alertness,Excitement,Sociability,Alertness_reversed,Excitement_reversed,Sociability_reversed
1,1,1,1.226748757,2.098225431,0.667197761,1.397564461,1.80668166,0.68326484,,3,2,2,3,4,4
1,1,2,1.223133461,2.078041831,0.678503277,1.397564461,1.80668166,0.68326484,,3,3,2,3,3,4
1,1,3,1.30846302,1.583226491,0.727629558,1.397564461,1.80668166,0.68326484,,3,3,3,3,3,3
1,1,4,1.372115635,2.142113991,0.641848087,1.397564461,1.80668166,0.68326484,  ,3,3,3,3,3,3
1,1,5,1.371724615,2.163949771,0.657212927,1.397564461,1.80668166,0.68326484,,4,4,3,2,2,3
1,1,6,1.182949629,2.104527733,0.689614705,1.397564461,1.80668166,0.68326484,,1,1,1,5,5,5
1,2,1,1.13474612,2.885148016,0.637308839,1.180703087,2.73195686,0.636147375,,3,4,3,3,2,3
1,2,2,1.130738927,2.931674491,0.635121354,1.180703087,2.73195686,0.636147375,,4,4,3,2,2,3
1,2,3,1.081648345,2.975687586,0.650680791,1.180703087,2.73195686,0.636147375,,4,4,3,2,2,3
1,2,4,1.153716712,2.90519141,0.636550237,1.180703087,2.73195686,0.636147375,,4,4,3,2,2,3
1,2,5,1.281785345,2.640343633,0.641101049,1.180703087,2.73195686,0.636147375,,5,3,3,1,3,3
1,2,6,1.11869346,2.992359971,0.625986188,1.180703087,2.73195686,0.636147375,,4,3,3,2,3,3
2,1,1,1.540498246,2.499172546,0.559997215,1.636930769,2.238219118,0.593411958,,2,3,3,4,3,3
2,1,2,1.494162937,2.495247012,0.549528652,1.636930769,2.238219118,0.593411958,,2,2,3,4,4,3
2,1,3,1.530901301,2.562102766,0.559592774,1.636930769,2.238219118,0.593411958,,2,2,3,4,4,3
2,1,4,1.541791339,2.492098245,0.56062361,1.636930769,2.238219118,0.593411958,,2,2,3,4,4,3
2,1,5,1.510186143,2.613451397,0.544116173,1.636930769,2.238219118,0.593411958,,3,2,3,3,4,3
2,1,6,1.553071294,2.527657479,0.561061818,1.636930769,2.238219118,0.593411958,,3,2,3,3,4,3
2,2,1,1.396265538,2.789432773,0.533308799,1.354816584,2.751070579,0.507467922,,3,4,3,3,2,3
2,2,2,1.454181521,2.769534468,0.523266393,1.354816584,2.751070579,0.507467922,,3,4,3,3,2,3
2,2,3,1.418390794,2.701191593,0.544635181,1.354816584,2.751070579,0.507467922,,3,5,3,3,1,3
2,2,4,1.358511636,2.695541162,0.544893918,1.354816584,2.751070579,0.507467922,,3,3,3,3,3,3
2,2,5,1.428142153,2.769163897,0.527295253,1.354816584,2.751070579,0.507467922,,3,3,3,3,3,3
2,2,6,1.457622523,2.770108828,0.522265084,1.354816584,2.751070579,0.507467922,,3,3,3,3,3,3
3,1,1,1.330949375,1.933899162,0.626943706,1.337230042,2.150573086,0.644745258,,3,4,3,3,2,3
3,1,2,1.495480009,1.397393233,0.623554209,1.337230042,2.150573086,0.644745258,,4,4,2,2,2,4
3,1,3,1.120239496,2.46548334,0.656991444,1.337230042,2.150573086,0.644745258,,3,3,3,3,3,3
3,1,4,1.524051738,1.5441269,0.627179204,1.337230042,2.150573086,0.644745258,,4,4,3,2,2,3
3,1,5,1.189854999,2.396986,0.618625468,1.337230042,2.150573086,0.644745258,,3,4,3,3,2,3
3,1,6,1.055988681,2.513748507,0.657572431,1.337230042,2.150573086,0.644745258,,4,3,3,2,3,3
3,2,1,1.306102145,2.721983611,0.583143109,1.260242707,2.732489733,0.629834962,,4,4,2,2,2,4
3,2,2,1.270365297,2.745224455,0.606865586,1.260242707,2.732489733,0.629834962,,4,4,2,2,2,4
3,2,3,1.281823267,2.694910663,0.590039929,1.260242707,2.732489733,0.629834962,,5,4,3,1,2,3
3,2,4,1.264563146,2.702295699,0.61075764,1.260242707,2.732489733,0.629834962,,4,4,3,2,2,3
3,2,5,1.280902954,2.686976882,0.605181929,1.260242707,2.732489733,0.629834962,,4,4,3,2,2,3
3,2,6,1.348108392,2.624961522,0.60039986,1.260242707,2.732489733,0.629834962,,4,3,2,2,3,4
4,1,1,1.896541692,1.178416544,0.630595085,1.818370348,1.154407746,0.684087418,,1,5,3,5,1,3
4,1,2,1.841482779,1.223246327,0.652706901,1.818370348,1.154407746,0.684087418,,2,5,3,4,1,3
4,1,3,1.899932656,1.163938072,0.66374095,1.818370348,1.154407746,0.684087418,,1,5,3,5,1,3
4,1,4,1.850233303,1.277307364,0.640034922,1.818370348,1.154407746,0.684087418,,1,5,3,5,1,3
4,1,5,1.947654225,1.164419635,0.62918196,1.818370348,1.154407746,0.684087418,,1,5,3,5,1,3
4,1,6,1.905158584,1.150031586,0.640439001,1.818370348,1.154407746,0.684087418,,1,5,3,5,1,3
4,2,1,1.179453786,2.823591368,0.484348251,1.21225949,2.720190234,0.480063195,,2,5,3,4,1,3
4,2,2,1.193437999,2.846552738,0.502459347,1.21225949,2.720190234,0.480063195,,2,5,3,4,1,3
4,2,3,1.190444743,2.962501583,0.477176911,1.21225949,2.720190234,0.480063195,,3,5,4,3,1,2
4,2,4,1.167867841,2.924671813,0.515862127,1.21225949,2.720190234,0.480063195,,4,5,3,2,1,3
4,2,5,1.20570503,2.809108104,0.481947473,1.21225949,2.720190234,0.480063195,,4,5,4,2,1,2
4,2,6,1.190630939,2.894763048,0.484194782,1.21225949,2.720190234,0.480063195,,4,5,4,2,1,2
5,1,1,1.507242179,1.271830744,0.706091768,1.573143296,1.595005867,0.711018877,,5,4,4,1,2,2
5,1,2,1.628609462,1.337709405,0.681495211,1.573143296,1.595005867,0.711018877,,4,3,3,2,3,3
5,1,3,1.541796535,1.68534209,0.708014649,1.573143296,1.595005867,0.711018877,,4,3,3,2,3,3
5,1,4,1.606459847,1.530527974,0.696868579,1.573143296,1.595005867,0.711018877,,5,3,3,1,3,3
5,1,5,1.713256151,1.60805138,0.698604103,1.573143296,1.595005867,0.711018877,,4,3,3,2,3,3
5,1,6,1.644718317,1.814460292,0.683338577,1.573143296,1.595005867,0.711018877,,3,3,3,3,3,3
5,2,1,1.719991065,2.101856781,0.581009502,1.872205976,2.043225467,0.58266561,,3,3,3,3,3,3
5,2,2,1.970918475,1.999108048,0.5426349,1.872205976,2.043225467,0.58266561,,3,3,3,3,3,3
5,2,3,2.003825672,1.870055848,0.552054028,1.872205976,2.043225467,0.58266561,,3,3,3,3,3,3
5,2,4,2.198531715,1.469819535,0.533952295,1.872205976,2.043225467,0.58266561,,4,3,3,2,3,3
5,2,5,1.877175589,1.97404468,0.564605762,1.872205976,2.043225467,0.58266561,,4,3,3,2,3,3
5,2,6,1.728657478,2.040060321,0.577669027,1.872205976,2.043225467,0.58266561,,3,3,3,3,3,3
6,1,1,1.197011372,1.610745879,0.759633185,1.231613485,1.941397961,0.755800589,,5,5,4,1,1,2
6,1,2,1.432918254,2.021727429,0.709286825,1.231613485,1.941397961,0.755800589,,5,5,4,1,1,2
6,1,3,1.276969197,1.79193798,0.754568658,1.231613485,1.941397961,0.755800589,,5,5,4,1,1,2
6,1,4,1.224348336,1.674651158,0.755468142,1.231613485,1.941397961,0.755800589,,5,5,4,1,1,2
6,1,5,1.61054503,2.053511763,0.705930123,1.231613485,1.941397961,0.755800589,,5,5,4,1,1,2
6,1,6,1.571005037,2.025631503,0.707176914,1.231613485,1.941397961,0.755800589,,5,5,4,1,1,2
6,2,1,1.511784913,2.246468051,0.592204611,1.562483157,2.216335427,0.595742124,,5,5,4,1,1,2
6,2,2,1.506689187,2.251916637,0.614539926,1.562483157,2.216335427,0.595742124,,2,5,4,4,1,2
6,2,3,1.517130176,1.862688526,0.638868888,1.562483157,2.216335427,0.595742124,,5,5,4,1,1,2
6,2,4,1.592782242,1.754320295,0.618972352,1.562483157,2.216335427,0.595742124,,5,5,4,1,1,2
6,2,5,1.532876952,1.778981445,0.64684617,1.562483157,2.216335427,0.595742124,,5,5,4,1,1,2
6,2,6,1.636205016,1.875761972,0.619676204,1.562483157,2.216335427,0.595742124,,4,5,4,2,1,2
7,1,1,1.46895071,2.53117663,0.600975593,1.425793723,2.478751804,0.589691177,,2,4,3,4,2,3
7,1,2,1.537001244,2.120893805,0.610000086,1.425793723,2.478751804,0.589691177,,1,3,2,5,3,4
7,1,3,1.458640083,2.384643933,0.596255126,1.425793723,2.478751804,0.589691177,,2,3,2,4,3,4
7,1,4,1.456363931,2.40247435,0.595318367,1.425793723,2.478751804,0.589691177,,1,2,2,5,4,4
7,1,5,1.448155323,2.463640283,0.596144994,1.425793723,2.478751804,0.589691177,,1,3,2,5,3,4
7,1,6,1.642964065,2.382403733,0.590086052,1.425793723,2.478751804,0.589691177,,1,3,2,5,3,4
7,2,1,1.269126222,1.865181709,0.727494765,1.30787938,1.893085915,0.697690698,,2,4,1,4,2,5
7,2,2,1.314540202,1.816827799,0.70840086,1.30787938,1.893085915,0.697690698,,4,4,3,2,2,3
7,2,3,1.296245455,2.018907823,0.706958598,1.30787938,1.893085915,0.697690698,,4,3,1,2,3,5
7,2,4,1.251550473,1.969489807,0.721098172,1.30787938,1.893085915,0.697690698,,2,3,1,4,3,5
7,2,5,1.365016954,1.630715336,0.725050843,1.30787938,1.893085915,0.697690698,,1,3,1,5,3,5
7,2,6,1.329178545,1.616936054,0.72479338,1.30787938,1.893085915,0.697690698,,2,4,2,4,2,4
8,1,1,1.399805167,2.428165146,0.600595373,1.420866361,2.4025964,0.594799519,,5,5,1,1,1,5
8,1,2,1.344685854,2.405949659,0.58153656,1.420866361,2.4025964,0.594799519,,5,5,1,1,1,5
8,1,3,1.473565224,2.274799501,0.58929849,1.420866361,2.4025964,0.594799519,,5,5,2,1,1,4
8,1,4,1.47076238,2.392375672,0.599729989,1.420866361,2.4025964,0.594799519,,4,5,1,2,1,5
8,1,5,1.51471117,2.347982462,0.592202745,1.420866361,2.4025964,0.594799519,,3,5,2,3,1,4
8,1,6,1.492546736,2.41482427,0.581974687,1.420866361,2.4025964,0.594799519,,2,3,1,4,3,5
8,2,1,1.756523915,2.418671846,0.573943722,1.764592263,2.391080835,0.593644159,,5,5,3,1,1,3
8,2,2,1.710899498,2.452190814,0.640992803,1.764592263,2.391080835,0.593644159,,4,5,2,2,1,4
8,2,3,1.785305394,2.426590925,0.585327697,1.764592263,2.391080835,0.593644159,,4,5,2,2,1,4
8,2,4,1.791306617,2.386067007,0.550895325,1.764592263,2.391080835,0.593644159,,5,5,2,1,1,4
8,2,5,1.766918105,2.35208181,0.556685385,1.764592263,2.391080835,0.593644159,,4,5,1,2,1,5
8,2,6,1.816192792,2.377669348,0.561161879,1.764592263,2.391080835,0.593644159,,5,5,1,1,1,5
9,1,1,2.131080688,2.091352599,0.585049765,1.889396009,2.133376513,0.604659291,,3,2,1,3,4,5
9,1,2,1.896973336,2.170371888,0.572300421,1.889396009,2.133376513,0.604659291,,4,3,1,2,3,5
9,1,3,1.98706293,2.098821739,0.567361987,1.889396009,2.133376513,0.604659291,,3,2,1,3,4,5
9,1,4,1.968194042,2.056074541,0.565202216,1.889396009,2.133376513,0.604659291,,2,3,1,4,3,5
9,1,5,1.966583205,2.098554622,0.585876139,1.889396009,2.133376513,0.604659291,,3,2,1,3,4,5
9,1,6,1.963847583,2.094880887,0.566767285,1.889396009,2.133376513,0.604659291,,3,3,1,3,3,5
9,2,1,1.187972971,2.25553786,0.677091239,1.201841126,1.956015059,0.754650393,,2,2,1,4,4,5
9,2,2,1.114084045,2.193402034,0.800399414,1.201841126,1.956015059,0.754650393,,3,2,2,3,4,4
9,2,3,1.17353346,2.095419117,0.734843885,1.201841126,1.956015059,0.754650393,,3,2,2,3,4,4
9,2,4,1.183303529,2.202964036,0.722624184,1.201841126,1.956015059,0.754650393,,2,3,2,4,3,4
9,2,5,1.143981833,2.092504808,0.734943923,1.201841126,1.956015059,0.754650393,,3,3,2,3,3,4
9,2,6,1.260534868,1.970656692,0.739800736,1.201841126,1.956015059,0.754650393,,2,3,2,4,3,4
10,1,1,1.117360667,2.83565149,0.641653133,1.180741654,2.691227418,0.634638175,,2,2,1,4,4,5
10,1,2,1.148904467,2.812780662,0.637008537,1.180741654,2.691227418,0.634638175,,3,4,1,3,2,5
10,1,3,1.297493948,2.271374078,0.658811863,1.180741654,2.691227418,0.634638175,,3,4,1,3,2,5
10,1,4,1.122461746,2.928831381,0.633329364,1.180741654,2.691227418,0.634638175,,3,4,1,3,2,5
10,1,5,1.181245768,2.857870414,0.627999157,1.180741654,2.691227418,0.634638175,,3,4,1,3,2,5
10,1,6,1.174086267,2.922161055,0.616312923,1.180741654,2.691227418,0.634638175,,2,3,1,4,3,5
10,2,1,1.164506582,2.371931241,0.725344165,1.164260005,2.344584947,0.748268507,,1,5,3,5,1,3
10,2,2,1.315872307,1.799834327,0.720141365,1.164260005,2.344584947,0.748268507,,1,3,3,5,3,3
10,2,3,1.221995379,2.19340445,0.700676172,1.164260005,2.344584947,0.748268507,,2,4,2,4,2,4
10,2,4,1.216523809,2.225115251,0.732568074,1.164260005,2.344584947,0.748268507,,4,4,2,2,2,4
10,2,5,1.317330161,1.909551484,0.724612205,1.164260005,2.344584947,0.748268507,,2,3,1,4,3,5
10,2,6,1.216178337,2.206871134,0.666406772,1.164260005,2.344584947,0.748268507,,1,2,1,5,4,5
11,1,1,1.460379316,2.416179119,0.528608455,1.358253844,2.568659347,0.513417058,,4,4,3,2,2,3
11,1,2,1.330899301,2.446025493,0.528154419,1.358253844,2.568659347,0.513417058,,4,4,3,2,2,3
11,1,3,1.369089264,2.542328195,0.526591475,1.358253844,2.568659347,0.513417058,,3,4,3,3,2,3
11,1,4,1.387081498,2.526015359,0.521825242,1.358253844,2.568659347,0.513417058,,3,4,3,3,2,3
11,1,5,1.375459404,2.672705171,0.525347041,1.358253844,2.568659347,0.513417058,,2,4,3,4,2,3
11,1,6,1.415081403,2.474764462,0.523741271,1.358253844,2.568659347,0.513417058,,2,4,3,4,2,3
11,2,1,1.145907745,2.189916806,0.695030527,1.114115668,2.16319063,0.730667763,,3,4,3,3,2,3
11,2,2,1.164376771,2.184291919,0.697062503,1.114115668,2.16319063,0.730667763,,3,3,3,3,3,3
11,2,3,0.993564054,2.075552342,0.738690559,1.114115668,2.16319063,0.730667763,,2,3,3,4,3,3
11,2,4,1.233613245,2.284305528,0.669375232,1.114115668,2.16319063,0.730667763,,2,4,2,4,2,4
11,2,5,1.177537476,2.251757628,0.66622353,1.114115668,2.16319063,0.730667763,,2,4,2,4,2,4
11,2,6,1.534897932,2.470328005,0.555004521,1.114115668,2.16319063,0.730667763,,2,4,2,4,2,4
12,1,1,1.323901593,2.750388147,0.592426649,1.195448347,2.855378195,0.521905563,,3,2,3,3,4,3
12,1,2,1.338581978,2.663170243,0.5831544,1.195448347,2.855378195,0.521905563,,3,2,3,3,4,3
12,1,3,1.391574014,2.660134023,0.581652112,1.195448347,2.855378195,0.521905563,,2,2,3,4,4,3
12,1,4,1.257508095,2.669723539,0.602493201,1.195448347,2.855378195,0.521905563,,2,2,3,4,4,3
12,1,5,1.321548491,2.689701224,0.585475775,1.195448347,2.855378195,0.521905563,,2,2,3,4,4,3
12,1,6,1.31092042,2.701292337,0.591457631,1.195448347,2.855378195,0.521905563,,2,1,3,4,5,3
12,2,1,1.500839935,2.559586259,0.559557343,1.552294339,2.391315008,0.584507709,,1,2,3,5,4,3
12,2,2,1.489339878,2.542608899,0.552781385,1.552294339,2.391315008,0.584507709,,2,2,3,4,4,3
12,2,3,1.468930684,2.527803093,0.566933587,1.552294339,2.391315008,0.584507709,,2,1,3,4,5,3
12,2,4,1.585674791,2.489707846,0.554627702,1.552294339,2.391315008,0.584507709,,2,2,3,4,4,3
12,2,5,1.527594342,2.441447842,0.56688107,1.552294339,2.391315008,0.584507709,,2,2,3,4,4,3
12,2,6,1.310235003,2.2339303,0.635572993,1.552294339,2.391315008,0.584507709,,2,2,3,4,4,3
13,1,1,1.181200425,2.929492373,0.509121235,1.871902425,1.823065788,0.560992767,,5,5,5,1,1,1
13,1,2,1.167468201,2.985701019,0.506781233,1.871902425,1.823065788,0.560992767,,5,5,5,1,1,1
13,1,3,1.153962448,3.005096843,0.488306408,1.871902425,1.823065788,0.560992767,,3,4,4,3,2,2
13,1,4,1.138353946,2.967190216,0.576638357,1.871902425,1.823065788,0.560992767,,5,5,5,1,1,1
13,1,5,1.15620782,3.030527133,0.490838927,1.871902425,1.823065788,0.560992767,,5,5,5,1,1,1
13,1,6,1.139075459,3.044637559,0.485590051,1.871902425,1.823065788,0.560992767,,3,4,4,3,2,2
13,2,1,1.54122145,1.406780687,0.60688546,1.617337375,1.351300763,0.583954755,,4,4,5,2,2,1
13,2,2,1.503108355,1.705378301,0.607191469,1.617337375,1.351300763,0.583954755,,4,4,5,2,2,1
13,2,3,1.551512502,1.26161712,0.59184213,1.617337375,1.351300763,0.583954755,,5,5,5,1,1,1
13,2,4,1.172771876,2.513364054,0.591511139,1.617337375,1.351300763,0.583954755,,3,3,2,3,3,4
13,2,5,1.214985684,2.485009597,0.591670262,1.617337375,1.351300763,0.583954755,,1,3,2,5,3,4
13,2,6,1.619706369,1.698138028,0.686953664,1.617337375,1.351300763,0.583954755,,1,3,2,5,3,4
14,1,1,1.545179989,2.117131585,0.602303912,1.633053626,1.771336984,0.620359612,,3,3,4,3,3,2
14,1,2,1.699498274,2.100968122,0.586054355,1.633053626,1.771336984,0.620359612,,4,4,4,2,2,2
14,1,3,1.652184395,2.005436495,0.586706923,1.633053626,1.771336984,0.620359612,,5,5,5,1,1,1
14,1,4,1.871170995,1.713936698,0.576341917,1.633053626,1.771336984,0.620359612,,3,4,4,3,2,2
14,1,5,1.641477579,2.091669776,0.581856309,1.633053626,1.771336984,0.620359612,,3,4,3,3,2,3
14,1,6,1.758397272,1.997276045,0.575817329,1.633053626,1.771336984,0.620359612,,3,4,3,3,2,3
14,2,1,1.95782482,1.144836989,0.608587817,1.812872637,1.040974986,0.66415054,,,,,,,
14,2,2,1.812952691,1.091055076,0.64581722,1.812872637,1.040974986,0.66415054,,,,3,,,3
14,2,3,1.880716361,1.189550499,0.638795022,1.812872637,1.040974986,0.66415054,,,,,,,
14,2,4,2.005177408,1.115138631,0.617581313,1.812872637,1.040974986,0.66415054,,,,,,,
14,2,5,1.928170021,1.159330815,0.624482469,1.812872637,1.040974986,0.66415054,,,,,,,
14,2,6,1.462198948,2.092772888,0.716046679,1.812872637,1.040974986,0.66415054,,,,,,,
15,1,1,1.639064443,1.510174773,0.620557714,1.446527453,1.254528924,0.734626634,,4,5,3,2,1,3
15,1,2,1.701598095,1.557624209,0.60998402,1.446527453,1.254528924,0.734626634,,4,2,3,2,4,3
15,1,3,1.61800565,1.584972675,0.629514154,1.446527453,1.254528924,0.734626634,,3,2,3,3,4,3
15,1,4,1.608134306,1.453105838,0.626691603,1.446527453,1.254528924,0.734626634,,2,4,3,4,2,3
15,1,5,1.599800204,1.818966891,0.620976156,1.446527453,1.254528924,0.734626634,,2,4,3,4,2,3
15,1,6,1.652050652,1.838568674,0.6049629,1.446527453,1.254528924,0.734626634,,2,4,3,4,2,3
15,2,1,1.60047711,1.544212454,0.650293791,1.610025247,1.83331773,0.641092707,,4,5,3,2,1,3
15,2,2,1.553485747,1.681691157,0.659142203,1.610025247,1.83331773,0.641092707,,3,5,3,3,1,3
15,2,3,1.594682966,1.879927415,0.654012268,1.610025247,1.83331773,0.641092707,,2,5,3,4,1,3
15,2,4,1.638703649,1.936729132,0.642715262,1.610025247,1.83331773,0.641092707,,2,2,3,4,4,3
15,2,5,1.62023168,1.777584947,0.667365606,1.610025247,1.83331773,0.641092707,,1,2,3,5,4,3
15,2,6,1.581712487,2.144697534,0.660662356,1.610025247,1.83331773,0.641092707,,1,2,2,5,4,4
16,1,1,1.49017036,1.524462326,0.714825376,1.71681144,2.441106514,0.585704945,,5,5,1,1,1,5
16,1,2,1.349263321,1.454746794,0.723703979,1.71681144,2.441106514,0.585704945,,2,3,1,4,3,5
16,1,3,1.408476922,1.924794717,0.723911256,1.71681144,2.441106514,0.585704945,,4,5,1,2,1,5
16,1,4,1.418431296,1.840503828,0.722166908,1.71681144,2.441106514,0.585704945,,5,5,1,1,1,5
16,1,5,1.342423379,1.972288588,0.72018948,1.71681144,2.441106514,0.585704945,,4,5,1,2,1,5
16,1,6,1.341640627,1.85468484,0.726337607,1.71681144,2.441106514,0.585704945,,3,5,1,3,1,5
16,2,1,1.333448135,1.956395509,0.73981227,1.332717526,1.296248341,0.765284195,,2,3,2,4,3,4
16,2,2,1.324723824,1.880755945,0.774041095,1.332717526,1.296248341,0.765284195,,3,3,2,3,3,4
16,2,3,1.326060285,1.924486573,0.76489029,1.332717526,1.296248341,0.765284195,,2,3,2,4,3,4
16,2,4,1.364226122,1.934112451,0.75999407,1.332717526,1.296248341,0.765284195,,5,5,3,1,1,3
16,2,5,1.316951401,1.34446882,0.771761149,1.332717526,1.296248341,0.765284195,,5,5,4,1,1,2
16,2,6,1.512319953,2.442691636,0.594192833,1.332717526,1.296248341,0.765284195,,1,3,2,5,3,4
17,1,1,1.717563143,2.45927748,0.608734423,1.189901231,1.845788354,0.77627034,,2,3,3,4,3,3
17,1,2,1.689702906,2.46968718,0.579887561,1.189901231,1.845788354,0.77627034,,2,2,4,4,4,2
17,1,3,1.792062036,2.450281819,0.58406927,1.189901231,1.845788354,0.77627034,,3,4,4,3,2,2
17,1,4,1.756036468,2.446659672,0.560630257,1.189901231,1.845788354,0.77627034,,4,4,4,2,2,2
17,1,5,1.827802858,2.407177517,0.621207896,1.189901231,1.845788354,0.77627034,,3,4,4,3,2,2
17,1,6,1.780538451,2.449688517,0.582816337,1.189901231,1.845788354,0.77627034,,4,5,3,2,1,3
17,2,1,1.743464014,1.512302929,0.612672787,1.576788506,2.132614022,0.579610223,,3,3,1,3,3,5
17,2,2,1.673973201,2.087116388,0.596113842,1.576788506,2.132614022,0.579610223,,4,4,3,2,2,3
17,2,3,1.665639166,1.841448323,0.611307445,1.576788506,2.132614022,0.579610223,,4,2,2,2,4,4
17,2,4,1.585166371,2.379962354,0.599877726,1.576788506,2.132614022,0.579610223,,4,3,4,2,3,2
17,2,5,1.710777437,2.046578695,0.606555212,1.576788506,2.132614022,0.579610223,,5,4,4,1,2,2
17,2,6,2.003822906,2.109656823,0.551516917,1.576788506,2.132614022,0.579610223,,4,3,5,2,3,1
18,1,1,1.115090775,1.886088164,0.777554255,1.146937875,2.353909902,0.721927613,,4,4,4,2,2,2
18,1,2,1.35119658,1.24647838,0.751329542,1.146937875,2.353909902,0.721927613,,5,4,3,1,2,3
18,1,3,1.418258981,1.270661972,0.725183277,1.146937875,2.353909902,0.721927613,,4,3,3,2,3,3
18,1,4,1.123982632,2.605669727,0.65589746,1.146937875,2.353909902,0.721927613,,3,3,3,3,3,3
18,1,5,1.100064265,2.035585459,0.769259454,1.146937875,2.353909902,0.721927613,,5,5,4,1,1,2
18,1,6,1.072870591,2.280773641,0.703461978,1.146937875,2.353909902,0.721927613,,5,5,3,1,1,3
18,2,1,1.414222776,2.594605271,0.584821281,1.316289145,2.565032311,0.598018546,,2,2,2,4,4,4
18,2,2,1.465358358,2.450143597,0.581695643,1.316289145,2.565032311,0.598018546,,3,3,3,3,3,3
18,2,3,1.497968306,2.369316457,0.58908794,1.316289145,2.565032311,0.598018546,,4,3,3,2,3,3
18,2,4,1.598588108,1.98967184,0.587085221,1.316289145,2.565032311,0.598018546,,5,5,4,1,1,2
18,2,5,1.432763984,2.498455376,0.589965666,1.316289145,2.565032311,0.598018546,,3,4,3,3,2,3
18,2,6,,,,1.316289145,2.565032311,0.598018546,,4,5,3,2,1,3
19,1,1,1.418642748,1.606905542,0.718365433,,,,,2,3,4,4,3,2
19,1,2,1.408900722,1.529040844,0.729521952,,,,,5,4,3,1,2,3
19,1,3,1.228423385,2.371430296,0.687418284,,,,,2,3,3,4,3,3
19,1,4,,,,,,,,2,4,3,4,2,3
19,1,5,1.359505189,1.846367368,0.715444883,,,,,3,3,3,3,3,3
19,1,6,1.301108641,2.081980612,0.692863814,,,,,3,4,2,3,2,4
19,2,1,2.04424622,2.022501674,0.56320182,2.003039951,2.014706481,0.572158401,,5,4,4,1,2,2
19,2,2,2.002908817,2.013954563,0.576158237,2.003039951,2.014706481,0.572158401,,5,5,4,1,1,2
19,2,3,1.977898733,2.090901754,0.55816373,2.003039951,2.014706481,0.572158401,,4,4,3,2,2,3
19,2,4,1.98749082,2.066905882,0.571976602,2.003039951,2.014706481,0.572158401,,5,4,3,1,2,3
19,2,5,2.025103846,1.990057503,0.557689463,2.003039951,2.014706481,0.572158401,,5,4,3,1,2,3
19,2,6,,,,2.003039951,2.014706481,0.572158401,,4,4,3,2,2,3